{"mirror_0": [33.45790409867768, 31.54209590132227], "mirror_1": [24.46376053098282, 40.536239469017126], "mirror_2": [39.578335370339424, 25.421664629660526], "self_0": [35.544872700363804, 29.455127299636132], "self_1": [27.780994791376763, 37.21900520862319], "self_2": [34.17413250825933, 30.825867491740606], "popular_beater": [37.10949094088793, 27.89050905911202], "anti_popular_beater": [31.279311426737898, 33.72068857326206], "random_transitison_matrix": [36.54814772002162, 28.451852279978322], "determenistic_transitison_matrix": [30.811748396150968, 34.18825160384897], "random_self_trans_matrix": [33.306575286950334, 31.693424713049627], "determenistic_self_trans_matrix": [33.33211863173685, 31.667881368263092], "random_transitison_tensor": [30.671965985210075, 34.328034014789864], "determenistic_transitison_tensor": [30.03080971906405, 34.96919028093589], "random_self_trans_tensor": [30.87743555622119, 34.122564443778764], "determenistic_self_trans_tensor": [31.62377322396963, 33.376226776030315], "random_transitison_matrix_decay": [23.86796762552345, 41.13203237447647], "random_self_trans_matrix_decay": [37.987541051033716, 27.01245894896623], "random_transitison_tensor_decay": [38.179376096443136, 26.820623903556807], "random_self_trans_tensor_decay": [34.69617208191292, 30.30382791808703], "determenistic_transitison_matrix_decay": [26.625251878593218, 38.37474812140673], "determenistic_self_trans_matrix_decay": [33.609817880063005, 31.390182119936952], "determenistic_transitison_tensor_decay": [33.28723658396035, 31.712763416039607], "determenistic_self_trans_tensor_decay": [32.367087003876506, 32.63291299612345], "determenistic_pattern_matching_decay_3": [31.001853429145623, 33.99814657085433], "determenistic_self_pattern_matching_decay_3": [38.34923781051583, 26.65076218948412]}