{"mirror_0": [35.88729962347399, 29.112700376525954], "mirror_1": [31.35149443343498, 33.64850556656498], "mirror_2": [30.261205943090943, 34.73879405690899], "self_0": [32.70259911811228, 32.297400881887675], "self_1": [36.238437996020195, 28.76156200397974], "self_2": [28.558962885867444, 36.441037114132506], "popular_beater": [29.721607781250047, 35.278392218749914], "anti_popular_beater": [36.98054346846743, 28.019456531532523], "random_transitison_matrix": [35.389338688737084, 29.61066131126286], "determenistic_transitison_matrix": [34.895662361389995, 30.10433763860997], "random_self_trans_matrix": [24.224657335922455, 40.7753426640775], "determenistic_self_trans_matrix": [36.238439583502604, 28.761560416497343], "random_transitison_tensor": [37.824231693021716, 27.17576830697823], "determenistic_transitison_tensor": [28.993224985061516, 36.00677501493843], "random_self_trans_tensor": [34.16531364287299, 30.83468635712696], "determenistic_self_trans_tensor": [42.170243190559944, 22.829756809440003], "random_transitison_matrix_decay": [34.6651132697433, 30.33488673025665], "random_self_trans_matrix_decay": [32.151109826060775, 32.848890173939154], "random_transitison_tensor_decay": [34.17679438615097, 30.82320561384898], "random_self_trans_tensor_decay": [33.005878045942474, 31.99412195405747], "determenistic_transitison_matrix_decay": [35.73580644475808, 29.264193555241857], "determenistic_self_trans_matrix_decay": [35.39615218134709, 29.60384781865286], "determenistic_transitison_tensor_decay": [34.5161471709891, 30.48385282901086], "determenistic_self_trans_tensor_decay": [39.55082864194171, 25.449171358058237], "determenistic_pattern_matching_decay_3": [35.81614760736784, 29.1838523926321], "determenistic_self_pattern_matching_decay_3": [39.13323565962488, 25.866764340375074]}